{"val-loss": 2.041677474975586, "loss": 2.198249578475952, "h-loss": 0, "lr": 0.01, "_timestamp": 1723044186.537468, "_runtime": 13.051881074905396, "_step": 6, "_wandb": {"runtime": 15}}