{"val-loss": 168.10269165039062, "loss": 168.10195922851562, "_timestamp": 1719785232.8708718, "_runtime": 60.6309118270874, "_step": 17, "_wandb": {"runtime": 61}}